instance,run,algorithm,cost,makespan
sdmk01,1,EDA-TS,1000.0,47.0
sdmk01,1,EDA-TS,947.0,48.0
sdmk01,1,EDA,1118.0,66.0
sdmk01,1,EDA,1156.0,50.0
sdmk01,1,EDA,1146.0,61.0
sdmk01,1,NSGA-II,1221.0,51.0
sdmk01,1,NSGA-II,1149.0,63.0
sdmk01,1,NSGA-II,1218.0,53.0
sdmk01,1,NSGA-II,1210.0,58.0
sdmk01,1,NSGA-II,1163.0,62.0
sdmk01,1,EDA-VNS,1082.0,59.0
sdmk01,1,EDA-VNS,1147.0,55.0
sdmk01,1,EDA-VNS,1147.0,55.0
sdmk01,1,H-GA-TS,1263.0,55.0
sdmk01,1,H-GA-TS,1054.0,65.0
sdmk01,2,EDA-TS,972.0,46.0
sdmk01,2,EDA-TS,947.0,47.0
sdmk01,2,EDA,1114.0,57.0
sdmk01,2,NSGA-II,1442.0,56.0
sdmk01,2,NSGA-II,1241.0,61.0
sdmk01,2,NSGA-II,1324.0,58.0
sdmk01,2,NSGA-II,1308.0,59.0
sdmk01,2,NSGA-II,1440.0,57.0
sdmk01,2,NSGA-II,1236.0,64.0
sdmk01,2,NSGA-II,1175.0,70.0
sdmk01,2,EDA-VNS,1084.0,50.0
sdmk01,2,H-GA-TS,1219.0,52.0
sdmk01,2,H-GA-TS,1063.0,57.0
sdmk02,1,EDA-TS,952.0,31.0
sdmk02,1,EDA-TS,913.0,35.0
sdmk02,1,EDA-TS,856.0,38.0
sdmk02,1,EDA,1274.0,51.0
sdmk02,1,EDA,1331.0,46.0
sdmk02,1,EDA,1209.0,56.0
sdmk02,1,EDA,1170.0,61.0
sdmk02,1,EDA,1225.0,53.0
sdmk02,1,EDA,1309.0,49.0
sdmk02,1,NSGA-II,1155.0,48.0
sdmk02,1,NSGA-II,1473.0,46.0
sdmk02,1,EDA-VNS,1194.0,42.0
sdmk02,1,EDA-VNS,1120.0,46.0
sdmk02,1,H-GA-TS,1129.0,51.0
sdmk02,1,H-GA-TS,1148.0,46.0
sdmk02,2,EDA-TS,988.0,35.0
sdmk02,2,EDA-TS,922.0,36.0
sdmk02,2,EDA-TS,1067.0,34.0
sdmk02,2,EDA-TS,881.0,38.0
sdmk02,2,EDA,1179.0,57.0
sdmk02,2,EDA,1197.0,47.0
sdmk02,2,NSGA-II,1190.0,62.0
sdmk02,2,NSGA-II,1268.0,48.0
sdmk02,2,NSGA-II,1201.0,50.0
sdmk02,2,NSGA-II,1386.0,46.0
sdmk02,2,EDA-VNS,1103.0,54.0
sdmk02,2,EDA-VNS,1135.0,45.0
sdmk02,2,EDA-VNS,1214.0,41.0
sdmk02,2,H-GA-TS,1113.0,44.0
sdmk03,1,EDA-TS,3837.0,152.0
sdmk03,1,EDA-TS,3837.0,152.0
sdmk03,1,EDA-TS,4921.0,142.0
sdmk03,1,EDA-TS,4814.0,147.0
sdmk03,1,EDA-TS,3837.0,152.0
sdmk03,1,EDA,6994.0,243.0
sdmk03,1,EDA,6565.0,256.0
sdmk03,1,EDA,6045.0,287.0
sdmk03,1,EDA,6294.0,278.0
sdmk03,1,EDA,6550.0,257.0
sdmk03,1,EDA,6305.0,272.0
sdmk03,1,NSGA-II,6455.0,229.0
sdmk03,1,NSGA-II,6646.0,227.0
sdmk03,1,EDA-VNS,5742.0,244.0
sdmk03,1,EDA-VNS,5744.0,229.0
sdmk03,1,H-GA-TS,6397.0,210.0
sdmk03,1,H-GA-TS,5937.0,222.0
sdmk03,2,EDA-TS,3900.0,171.0
sdmk03,2,EDA-TS,3922.0,164.0
sdmk03,2,EDA-TS,4651.0,150.0
sdmk03,2,EDA-TS,3922.0,164.0
sdmk03,2,EDA-TS,3922.0,164.0
sdmk03,2,EDA-TS,4723.0,145.0
sdmk03,2,EDA-TS,4651.0,150.0
sdmk03,2,EDA-TS,3900.0,171.0
sdmk03,2,EDA-TS,3838.0,174.0
sdmk03,2,EDA-TS,3793.0,188.0
sdmk03,2,EDA-TS,4651.0,150.0
sdmk03,2,EDA-TS,4651.0,150.0
sdmk03,2,EDA,6559.0,232.0
sdmk03,2,EDA,6191.0,252.0
sdmk03,2,NSGA-II,6239.0,237.0
sdmk03,2,NSGA-II,6429.0,235.0
sdmk03,2,NSGA-II,6611.0,225.0
sdmk03,2,NSGA-II,6540.0,227.0
sdmk03,2,EDA-VNS,6081.0,229.0
sdmk03,2,EDA-VNS,6081.0,229.0
sdmk03,2,H-GA-TS,6176.0,231.0
sdmk03,2,H-GA-TS,6240.0,218.0
sdmk03,2,H-GA-TS,6120.0,236.0
sdmk03,2,H-GA-TS,6022.0,237.0
sdmk04,1,EDA-TS,2058.0,93.0
sdmk04,1,EDA-TS,2359.0,66.0
sdmk04,1,EDA-TS,2251.0,69.0
sdmk04,1,EDA-TS,2102.0,84.0
sdmk04,1,EDA-TS,2359.0,66.0
sdmk04,1,EDA-TS,2058.0,93.0
sdmk04,1,EDA-TS,2422.0,60.0
sdmk04,1,EDA-TS,2217.0,70.0
sdmk04,1,EDA-TS,2359.0,66.0
sdmk04,1,EDA-TS,2102.0,84.0
sdmk04,1,EDA-TS,2156.0,78.0
sdmk04,1,EDA-TS,2105.0,82.0
sdmk04,1,EDA-TS,2170.0,77.0
sdmk04,1,EDA-TS,2359.0,66.0
sdmk04,1,EDA-TS,2251.0,69.0
sdmk04,1,EDA,2372.0,87.0
sdmk04,1,EDA,2418.0,72.0
sdmk04,1,NSGA-II,2440.0,75.0
sdmk04,1,NSGA-II,2343.0,79.0
sdmk04,1,NSGA-II,2541.0,73.0
sdmk04,1,EDA-VNS,2293.0,69.0
sdmk04,1,H-GA-TS,2687.0,74.0
sdmk04,1,H-GA-TS,2335.0,82.0
sdmk04,1,H-GA-TS,2337.0,79.0
sdmk04,2,EDA-TS,2018.0,84.0
sdmk04,2,EDA-TS,2137.0,68.0
sdmk04,2,EDA-TS,2058.0,76.0
sdmk04,2,EDA-TS,2238.0,64.0
sdmk04,2,EDA-TS,2018.0,84.0
sdmk04,2,EDA,2348.0,78.0
sdmk04,2,EDA,2332.0,101.0
sdmk04,2,EDA,2505.0,72.0
sdmk04,2,EDA,2334.0,96.0
sdmk04,2,EDA,2321.0,106.0
sdmk04,2,NSGA-II,2457.0,82.0
sdmk04,2,NSGA-II,2438.0,104.0
sdmk04,2,NSGA-II,2418.0,110.0
sdmk04,2,NSGA-II,2543.0,68.0
sdmk04,2,NSGA-II,2460.0,71.0
sdmk04,2,NSGA-II,2442.0,98.0
sdmk04,2,NSGA-II,2522.0,70.0
sdmk04,2,EDA-VNS,2271.0,84.0
sdmk04,2,EDA-VNS,2354.0,66.0
sdmk04,2,EDA-VNS,2338.0,73.0
sdmk04,2,H-GA-TS,2399.0,70.0
sdmk04,2,H-GA-TS,2293.0,81.0
sdmk04,2,H-GA-TS,2332.0,78.0
sdmk05,1,EDA-TS,3444.0,130.0
sdmk05,1,EDA-TS,3270.0,136.0
sdmk05,1,EDA-TS,3179.0,146.0
sdmk05,1,EDA-TS,3373.0,134.0
sdmk05,1,EDA-TS,2994.0,171.0
sdmk05,1,EDA-TS,3111.0,153.0
sdmk05,1,EDA-TS,3084.0,169.0
sdmk05,1,EDA-TS,3155.0,148.0
sdmk05,1,EDA-TS,3373.0,134.0
sdmk05,1,EDA,3260.0,171.0
sdmk05,1,EDA,3275.0,154.0
sdmk05,1,EDA,3277.0,146.0
sdmk05,1,NSGA-II,3276.0,153.0
sdmk05,1,NSGA-II,3400.0,147.0
sdmk05,1,NSGA-II,3246.0,165.0
sdmk05,1,NSGA-II,3213.0,195.0
sdmk05,1,NSGA-II,3411.0,146.0
sdmk05,1,NSGA-II,3334.0,149.0
sdmk05,1,EDA-VNS,3442.0,143.0
sdmk05,1,EDA-VNS,3321.0,148.0
sdmk05,1,EDA-VNS,3320.0,154.0
sdmk05,1,EDA-VNS,3443.0,134.0
sdmk05,1,EDA-VNS,3294.0,156.0
sdmk05,1,H-GA-TS,3322.0,146.0
sdmk05,1,H-GA-TS,3322.0,146.0
sdmk05,1,H-GA-TS,3322.0,146.0
sdmk05,1,H-GA-TS,3217.0,153.0
sdmk05,2,EDA-TS,3011.0,150.0
sdmk05,2,EDA-TS,3306.0,123.0
sdmk05,2,EDA-TS,3011.0,150.0
sdmk05,2,EDA-TS,2985.0,153.0
sdmk05,2,EDA-TS,3132.0,136.0
sdmk05,2,EDA-TS,3104.0,142.0
sdmk05,2,EDA-TS,3306.0,123.0
sdmk05,2,EDA-TS,3011.0,150.0
sdmk05,2,EDA-TS,3200.0,133.0
sdmk05,2,EDA-TS,3132.0,136.0
sdmk05,2,EDA-TS,2985.0,153.0
sdmk05,2,EDA,3270.0,178.0
sdmk05,2,EDA,3452.0,143.0
sdmk05,2,EDA,3261.0,187.0
sdmk05,2,EDA,3287.0,152.0
sdmk05,2,NSGA-II,3269.0,171.0
sdmk05,2,NSGA-II,3349.0,165.0
sdmk05,2,NSGA-II,3369.0,147.0
sdmk05,2,NSGA-II,3233.0,182.0
sdmk05,2,EDA-VNS,3233.0,147.0
sdmk05,2,EDA-VNS,3188.0,168.0
sdmk05,2,H-GA-TS,3457.0,148.0
sdmk05,2,H-GA-TS,3430.0,154.0
sdmk05,2,H-GA-TS,3430.0,154.0
sdmk05,2,H-GA-TS,3198.0,169.0
sdmk06,1,EDA-TS,1578.0,80.0
sdmk06,1,EDA-TS,1578.0,80.0
sdmk06,1,EDA-TS,1732.0,69.0
sdmk06,1,EDA-TS,1555.0,113.0
sdmk06,1,EDA-TS,1577.0,96.0
sdmk06,1,EDA-TS,1775.0,64.0
sdmk06,1,EDA-TS,1578.0,80.0
sdmk06,1,EDA,2842.0,113.0
sdmk06,1,EDA,2749.0,148.0
sdmk06,1,NSGA-II,3310.0,122.0
sdmk06,1,NSGA-II,2979.0,128.0
sdmk06,1,NSGA-II,3064.0,123.0
sdmk06,1,NSGA-II,2861.0,134.0
sdmk06,1,NSGA-II,3041.0,124.0
sdmk06,1,EDA-VNS,2949.0,110.0
sdmk06,1,EDA-VNS,2698.0,117.0
sdmk06,1,H-GA-TS,2930.0,111.0
sdmk06,1,H-GA-TS,2893.0,114.0
sdmk06,2,EDA-TS,1571.0,81.0
sdmk06,2,EDA-TS,1818.0,61.0
sdmk06,2,EDA,2932.0,109.0
sdmk06,2,EDA,2823.0,135.0
sdmk06,2,EDA,2854.0,133.0
sdmk06,2,EDA,2904.0,120.0
sdmk06,2,NSGA-II,3015.0,99.0
sdmk06,2,NSGA-II,2976.0,106.0
sdmk06,2,NSGA-II,2936.0,135.0
sdmk06,2,NSGA-II,2910.0,136.0
sdmk06,2,NSGA-II,2941.0,123.0
sdmk06,2,EDA-VNS,2803.0,130.0
sdmk06,2,EDA-VNS,2998.0,112.0
sdmk06,2,EDA-VNS,2832.0,117.0
sdmk06,2,EDA-VNS,2998.0,112.0
sdmk06,2,H-GA-TS,2951.0,99.0
sdmk06,2,H-GA-TS,2863.0,103.0
sdmk06,2,H-GA-TS,2900.0,102.0
sdmk07,1,EDA-TS,4225.0,144.0
sdmk07,1,EDA-TS,3631.0,194.0
sdmk07,1,EDA-TS,4615.0,122.0
sdmk07,1,EDA-TS,3762.0,166.0
sdmk07,1,EDA-TS,3631.0,194.0
sdmk07,1,EDA-TS,4222.0,152.0
sdmk07,1,EDA-TS,4257.0,124.0
sdmk07,1,EDA-TS,3631.0,194.0
sdmk07,1,EDA-TS,4008.0,155.0
sdmk07,1,EDA-TS,3702.0,167.0
sdmk07,1,EDA-TS,3777.0,158.0
sdmk07,1,EDA-TS,4225.0,144.0
sdmk07,1,EDA-TS,3631.0,194.0
sdmk07,1,EDA,4799.0,215.0
sdmk07,1,EDA,4817.0,211.0
sdmk07,1,EDA,5037.0,187.0
sdmk07,1,EDA,4829.0,191.0
sdmk07,1,EDA,5091.0,161.0
sdmk07,1,NSGA-II,4877.0,179.0
sdmk07,1,NSGA-II,4638.0,203.0
sdmk07,1,NSGA-II,4991.0,169.0
sdmk07,1,NSGA-II,4715.0,196.0
sdmk07,1,EDA-VNS,4611.0,167.0
sdmk07,1,H-GA-TS,4639.0,165.0
sdmk07,1,H-GA-TS,4672.0,158.0
sdmk07,2,EDA-TS,3837.0,147.0
sdmk07,2,EDA-TS,4428.0,117.0
sdmk07,2,EDA-TS,4420.0,119.0
sdmk07,2,EDA-TS,4360.0,137.0
sdmk07,2,EDA-TS,3690.0,189.0
sdmk07,2,EDA-TS,3837.0,147.0
sdmk07,2,EDA-TS,3716.0,182.0
sdmk07,2,EDA-TS,3718.0,159.0
sdmk07,2,EDA-TS,3837.0,147.0
sdmk07,2,EDA-TS,4341.0,142.0
sdmk07,2,EDA-TS,3837.0,147.0
sdmk07,2,EDA-TS,3837.0,147.0
sdmk07,2,EDA,4518.0,179.0
sdmk07,2,NSGA-II,5285.0,177.0
sdmk07,2,NSGA-II,4852.0,223.0
sdmk07,2,NSGA-II,4867.0,207.0
sdmk07,2,NSGA-II,4980.0,184.0
sdmk07,2,NSGA-II,5091.0,178.0
sdmk07,2,EDA-VNS,4575.0,210.0
sdmk07,2,EDA-VNS,4642.0,175.0
sdmk07,2,EDA-VNS,4882.0,167.0
sdmk07,2,EDA-VNS,4612.0,181.0
sdmk07,2,H-GA-TS,4791.0,179.0
sdmk07,2,H-GA-TS,4817.0,173.0
sdmk07,2,H-GA-TS,4791.0,179.0
sdmk07,2,H-GA-TS,4745.0,201.0
sdmk08,1,EDA-TS,12179.0,281.0
sdmk08,1,EDA-TS,11573.0,452.0
sdmk08,1,EDA-TS,11617.0,312.0
sdmk08,1,EDA,12589.0,361.0
sdmk08,1,EDA,12523.0,362.0
sdmk08,1,EDA,12445.0,375.0
sdmk08,1,NSGA-II,12494.0,353.0
sdmk08,1,NSGA-II,12417.0,356.0
sdmk08,1,NSGA-II,12586.0,347.0
sdmk08,1,NSGA-II,12624.0,343.0
sdmk08,1,EDA-VNS,12329.0,335.0
sdmk08,1,EDA-VNS,12400.0,312.0
sdmk08,1,EDA-VNS,12266.0,353.0
sdmk08,1,H-GA-TS,12579.0,372.0
sdmk08,1,H-GA-TS,12637.0,348.0
sdmk08,1,H-GA-TS,12695.0,334.0
sdmk08,1,H-GA-TS,12321.0,374.0
sdmk08,1,H-GA-TS,12283.0,402.0
sdmk08,2,EDA-TS,11621.0,349.0
sdmk08,2,EDA-TS,11516.0,355.0
sdmk08,2,EDA-TS,12110.0,303.0
sdmk08,2,EDA-TS,11621.0,349.0
sdmk08,2,EDA-TS,12110.0,303.0
sdmk08,2,EDA-TS,11621.0,349.0
sdmk08,2,EDA-TS,11823.0,330.0
sdmk08,2,EDA-TS,12110.0,303.0
sdmk08,2,EDA-TS,11621.0,349.0
sdmk08,2,EDA,12467.0,327.0
sdmk08,2,EDA,12455.0,380.0
sdmk08,2,EDA,12813.0,321.0
sdmk08,2,NSGA-II,12372.0,441.0
sdmk08,2,NSGA-II,12691.0,373.0
sdmk08,2,NSGA-II,12802.0,365.0
sdmk08,2,NSGA-II,12287.0,446.0
sdmk08,2,NSGA-II,12534.0,374.0
sdmk08,2,NSGA-II,12412.0,393.0
sdmk08,2,EDA-VNS,12244.0,380.0
sdmk08,2,EDA-VNS,12347.0,327.0
sdmk08,2,H-GA-TS,12489.0,337.0
sdmk08,2,H-GA-TS,12227.0,382.0
sdmk08,2,H-GA-TS,12177.0,441.0
sdmk09,1,EDA-TS,9450.0,367.0
sdmk09,1,EDA-TS,10987.0,259.0
sdmk09,1,EDA-TS,9609.0,344.0
sdmk09,1,EDA-TS,10386.0,328.0
sdmk09,1,EDA-TS,9496.0,360.0
sdmk09,1,EDA-TS,9450.0,367.0
sdmk09,1,EDA,11685.0,419.0
sdmk09,1,EDA,11692.0,350.0
sdmk09,1,NSGA-II,12081.0,366.0
sdmk09,1,NSGA-II,11785.0,402.0
sdmk09,1,NSGA-II,12237.0,352.0
sdmk09,1,NSGA-II,12406.0,348.0
sdmk09,1,EDA-VNS,11690.0,439.0
sdmk09,1,EDA-VNS,11917.0,372.0
sdmk09,1,EDA-VNS,11762.0,385.0
sdmk09,1,H-GA-TS,11945.0,385.0
sdmk09,1,H-GA-TS,12193.0,372.0
sdmk09,1,H-GA-TS,11713.0,467.0
sdmk09,1,H-GA-TS,11818.0,462.0
sdmk09,2,EDA-TS,9618.0,350.0
sdmk09,2,EDA-TS,9498.0,361.0
sdmk09,2,EDA-TS,11256.0,264.0
sdmk09,2,EDA-TS,10965.0,270.0
sdmk09,2,EDA-TS,11332.0,249.0
sdmk09,2,EDA-TS,10935.0,274.0
sdmk09,2,EDA-TS,9498.0,361.0
sdmk09,2,EDA-TS,10855.0,340.0
sdmk09,2,EDA-TS,10443.0,341.0
sdmk09,2,EDA-TS,9498.0,361.0
sdmk09,2,EDA-TS,9498.0,361.0
sdmk09,2,EDA,11274.0,420.0
sdmk09,2,EDA,12063.0,373.0
sdmk09,2,EDA,11964.0,406.0
sdmk09,2,NSGA-II,11691.0,420.0
sdmk09,2,NSGA-II,12326.0,367.0
sdmk09,2,NSGA-II,11816.0,369.0
sdmk09,2,NSGA-II,11736.0,392.0
sdmk09,2,EDA-VNS,11704.0,371.0
sdmk09,2,EDA-VNS,11975.0,354.0
sdmk09,2,EDA-VNS,11331.0,377.0
sdmk09,2,H-GA-TS,11861.0,368.0
sdmk09,2,H-GA-TS,12488.0,361.0
sdmk09,2,H-GA-TS,12579.0,345.0
sdmk09,2,H-GA-TS,11594.0,391.0
sdmk09,2,H-GA-TS,11712.0,383.0
sdmk10,1,EDA-TS,7771.0,271.0
sdmk10,1,EDA-TS,7753.0,275.0
sdmk10,1,EDA-TS,9246.0,237.0
sdmk10,1,EDA-TS,9388.0,209.0
sdmk10,1,EDA-TS,7714.0,310.0
sdmk10,1,EDA-TS,7733.0,288.0
sdmk10,1,EDA-TS,9246.0,237.0
sdmk10,1,EDA-TS,9305.0,219.0
sdmk10,1,EDA-TS,9387.0,214.0
sdmk10,1,EDA-TS,7807.0,263.0
sdmk10,1,EDA-TS,9542.0,191.0
sdmk10,1,EDA-TS,7753.0,275.0
sdmk10,1,EDA-TS,7753.0,275.0
sdmk10,1,EDA-TS,8865.0,256.0
sdmk10,1,EDA-TS,9388.0,209.0
sdmk10,1,EDA-TS,7753.0,275.0
sdmk10,1,EDA,11281.0,315.0
sdmk10,1,EDA,10588.0,324.0
sdmk10,1,EDA,10878.0,318.0
sdmk10,1,EDA,11351.0,303.0
sdmk10,1,NSGA-II,10906.0,304.0
sdmk10,1,NSGA-II,11508.0,283.0
sdmk10,1,NSGA-II,10706.0,360.0
sdmk10,1,NSGA-II,11117.0,286.0
sdmk10,1,EDA-VNS,10917.0,282.0
sdmk10,1,EDA-VNS,10418.0,302.0
sdmk10,1,H-GA-TS,10896.0,278.0
sdmk10,1,H-GA-TS,10722.0,304.0
sdmk10,2,EDA-TS,7759.0,259.0
sdmk10,2,EDA-TS,7674.0,280.0
sdmk10,2,EDA-TS,7674.0,280.0
sdmk10,2,EDA-TS,7674.0,280.0
sdmk10,2,EDA-TS,7759.0,259.0
sdmk10,2,EDA-TS,7771.0,239.0
sdmk10,2,EDA-TS,9413.0,185.0
sdmk10,2,EDA-TS,9173.0,202.0
sdmk10,2,EDA-TS,7742.0,279.0
sdmk10,2,EDA-TS,9211.0,195.0
sdmk10,2,EDA-TS,9264.0,193.0
sdmk10,2,EDA-TS,7759.0,259.0
sdmk10,2,EDA,11489.0,300.0
sdmk10,2,EDA,11004.0,324.0
sdmk10,2,EDA,10659.0,370.0
sdmk10,2,EDA,11315.0,321.0
sdmk10,2,NSGA-II,11347.0,307.0
sdmk10,2,NSGA-II,10704.0,400.0
sdmk10,2,NSGA-II,11466.0,283.0
sdmk10,2,NSGA-II,11287.0,309.0
sdmk10,2,NSGA-II,10912.0,396.0
sdmk10,2,NSGA-II,11096.0,318.0
sdmk10,2,NSGA-II,11036.0,339.0
sdmk10,2,NSGA-II,11005.0,340.0
sdmk10,2,NSGA-II,10954.0,392.0
sdmk10,2,EDA-VNS,10246.0,273.0
sdmk10,2,H-GA-TS,11175.0,287.0
sdmk10,2,H-GA-TS,10767.0,316.0
sdmk10,2,H-GA-TS,11066.0,306.0
sdmk10,2,H-GA-TS,10626.0,356.0
sdmk10,2,H-GA-TS,11457.0,278.0
sdmk10,2,H-GA-TS,11411.0,284.0
sdmk10,2,H-GA-TS,10471.0,377.0
sdmk10,2,H-GA-TS,10517.0,366.0
sdmk11,1,EDA-TS,14400.0,423.0
sdmk11,1,EDA-TS,13240.0,505.0
sdmk11,1,EDA-TS,13081.0,538.0
sdmk11,1,EDA-TS,14400.0,423.0
sdmk11,1,EDA-TS,14385.0,430.0
sdmk11,1,EDA-TS,14130.0,442.0
sdmk11,1,EDA-TS,13087.0,515.0
sdmk11,1,EDA-TS,13972.0,459.0
sdmk11,1,EDA-TS,13240.0,505.0
sdmk11,1,EDA-TS,14400.0,423.0
sdmk11,1,EDA,14159.0,507.0
sdmk11,1,NSGA-II,14112.0,539.0
sdmk11,1,NSGA-II,14504.0,525.0
sdmk11,1,NSGA-II,14556.0,519.0
sdmk11,1,EDA-VNS,14112.0,578.0
sdmk11,1,EDA-VNS,13986.0,601.0
sdmk11,1,EDA-VNS,14165.0,525.0
sdmk11,1,H-GA-TS,14804.0,517.0
sdmk11,1,H-GA-TS,14440.0,537.0
sdmk11,1,H-GA-TS,14440.0,537.0
sdmk11,1,H-GA-TS,14219.0,553.0
sdmk11,1,H-GA-TS,14305.0,549.0
sdmk11,2,EDA-TS,13882.0,457.0
sdmk11,2,EDA-TS,13081.0,508.0
sdmk11,2,EDA-TS,14291.0,430.0
sdmk11,2,EDA-TS,13882.0,457.0
sdmk11,2,EDA-TS,13882.0,457.0
sdmk11,2,EDA-TS,13882.0,457.0
sdmk11,2,EDA-TS,13246.0,507.0
sdmk11,2,EDA-TS,13869.0,505.0
sdmk11,2,EDA-TS,13882.0,457.0
sdmk11,2,EDA-TS,13081.0,508.0
sdmk11,2,EDA,14299.0,527.0
sdmk11,2,NSGA-II,14461.0,562.0
sdmk11,2,NSGA-II,14177.0,576.0
sdmk11,2,NSGA-II,14365.0,566.0
sdmk11,2,NSGA-II,14490.0,545.0
sdmk11,2,NSGA-II,14467.0,561.0
sdmk11,2,NSGA-II,14915.0,531.0
sdmk11,2,NSGA-II,14528.0,537.0
sdmk11,2,NSGA-II,14468.0,549.0
sdmk11,2,NSGA-II,14164.0,601.0
sdmk11,2,EDA-VNS,14064.0,478.0
sdmk11,2,H-GA-TS,14461.0,520.0
sdmk11,2,H-GA-TS,14461.0,520.0
sdmk11,2,H-GA-TS,14217.0,553.0
sdmk11,2,H-GA-TS,14393.0,530.0
sdmk11,2,H-GA-TS,14367.0,537.0
sdmk11,2,H-GA-TS,14065.0,576.0
sdmk11,2,H-GA-TS,14099.0,555.0
sdmk12,1,EDA-TS,13676.0,377.0
sdmk12,1,EDA-TS,14793.0,316.0
sdmk12,1,EDA-TS,13608.0,453.0
sdmk12,1,EDA-TS,13676.0,377.0
sdmk12,1,EDA-TS,13676.0,377.0
sdmk12,1,EDA-TS,13617.0,442.0
sdmk12,1,EDA-TS,13676.0,377.0
sdmk12,1,EDA-TS,13673.0,433.0
sdmk12,1,EDA-TS,14130.0,375.0
sdmk12,1,EDA-TS,14316.0,361.0
sdmk12,1,EDA-TS,13574.0,501.0
sdmk12,1,EDA,14715.0,407.0
sdmk12,1,EDA,14647.0,451.0
sdmk12,1,EDA,14937.0,357.0
sdmk12,1,NSGA-II,14889.0,396.0
sdmk12,1,NSGA-II,14982.0,377.0
sdmk12,1,NSGA-II,14780.0,443.0
sdmk12,1,EDA-VNS,14984.0,381.0
sdmk12,1,EDA-VNS,14623.0,386.0
sdmk12,1,EDA-VNS,14646.0,384.0
sdmk12,1,H-GA-TS,14889.0,396.0
sdmk12,1,H-GA-TS,14924.0,377.0
sdmk12,1,H-GA-TS,15540.0,373.0
sdmk12,1,H-GA-TS,14736.0,397.0
sdmk12,1,H-GA-TS,14610.0,402.0
sdmk12,2,EDA-TS,13608.0,407.0
sdmk12,2,EDA-TS,13707.0,365.0
sdmk12,2,EDA-TS,14728.0,312.0
sdmk12,2,EDA-TS,13608.0,407.0
sdmk12,2,EDA-TS,13608.0,407.0
sdmk12,2,EDA-TS,13646.0,393.0
sdmk12,2,EDA-TS,13608.0,407.0
sdmk12,2,EDA-TS,13707.0,365.0
sdmk12,2,EDA-TS,13545.0,437.0
sdmk12,2,EDA-TS,13608.0,407.0
sdmk12,2,EDA-TS,13707.0,365.0
sdmk12,2,EDA,15183.0,405.0
sdmk12,2,EDA,14552.0,434.0
sdmk12,2,EDA,15195.0,402.0
sdmk12,2,NSGA-II,14596.0,522.0
sdmk12,2,NSGA-II,14949.0,353.0
sdmk12,2,NSGA-II,14717.0,424.0
sdmk12,2,NSGA-II,14757.0,392.0
sdmk12,2,EDA-VNS,14927.0,348.0
sdmk12,2,EDA-VNS,14729.0,405.0
sdmk12,2,EDA-VNS,14799.0,382.0
sdmk12,2,EDA-VNS,14442.0,415.0
sdmk12,2,H-GA-TS,15307.0,393.0
sdmk12,2,H-GA-TS,14762.0,416.0
sdmk13,1,EDA-TS,18686.0,316.0
sdmk13,1,EDA-TS,13547.0,470.0
sdmk13,1,EDA-TS,14093.0,450.0
sdmk13,1,EDA-TS,13547.0,470.0
sdmk13,1,EDA-TS,16231.0,418.0
sdmk13,1,EDA-TS,17061.0,327.0
sdmk13,1,EDA-TS,13547.0,470.0
sdmk13,1,EDA,19893.0,512.0
sdmk13,1,EDA,18330.0,571.0
sdmk13,1,EDA,18437.0,558.0
sdmk13,1,EDA,18473.0,545.0
sdmk13,1,EDA,19149.0,527.0
sdmk13,1,NSGA-II,19056.0,505.0
sdmk13,1,NSGA-II,20065.0,465.0
sdmk13,1,NSGA-II,18291.0,526.0
sdmk13,1,EDA-VNS,18366.0,526.0
sdmk13,1,EDA-VNS,19637.0,502.0
sdmk13,1,EDA-VNS,19380.0,513.0
sdmk13,1,H-GA-TS,18792.0,520.0
sdmk13,1,H-GA-TS,18447.0,544.0
sdmk13,1,H-GA-TS,18132.0,555.0
sdmk13,2,EDA-TS,16848.0,356.0
sdmk13,2,EDA-TS,17017.0,343.0
sdmk13,2,EDA-TS,17465.0,326.0
sdmk13,2,EDA-TS,13547.0,477.0
sdmk13,2,EDA-TS,16778.0,365.0
sdmk13,2,EDA-TS,13424.0,548.0
sdmk13,2,EDA-TS,17465.0,326.0
sdmk13,2,EDA-TS,16848.0,356.0
sdmk13,2,EDA-TS,13312.0,612.0
sdmk13,2,EDA-TS,16260.0,453.0
sdmk13,2,EDA-TS,16709.0,436.0
sdmk13,2,EDA-TS,16190.0,460.0
sdmk13,2,EDA-TS,17465.0,326.0
sdmk13,2,EDA-TS,16778.0,365.0
sdmk13,2,EDA,18762.0,580.0
sdmk13,2,EDA,19040.0,516.0
sdmk13,2,EDA,18542.0,595.0
sdmk13,2,EDA,19710.0,471.0
sdmk13,2,NSGA-II,18644.0,592.0
sdmk13,2,NSGA-II,19373.0,509.0
sdmk13,2,NSGA-II,19841.0,464.0
sdmk13,2,NSGA-II,18401.0,683.0
sdmk13,2,NSGA-II,18923.0,513.0
sdmk13,2,EDA-VNS,18321.0,585.0
sdmk13,2,EDA-VNS,19532.0,510.0
sdmk13,2,EDA-VNS,18410.0,516.0
sdmk13,2,H-GA-TS,19024.0,501.0
sdmk13,2,H-GA-TS,18037.0,534.0
sdmk14,1,EDA-TS,20195.0,718.0
sdmk14,1,EDA-TS,20222.0,569.0
sdmk14,1,EDA-TS,21686.0,475.0
sdmk14,1,EDA-TS,20807.0,550.0
sdmk14,1,EDA-TS,20222.0,569.0
sdmk14,1,EDA-TS,21605.0,502.0
sdmk14,1,EDA-TS,21479.0,511.0
sdmk14,1,EDA-TS,21612.0,501.0
sdmk14,1,EDA-TS,20195.0,718.0
sdmk14,1,EDA-TS,20222.0,569.0
sdmk14,1,EDA,21503.0,554.0
sdmk14,1,NSGA-II,22620.0,549.0
sdmk14,1,NSGA-II,22728.0,545.0
sdmk14,1,NSGA-II,21852.0,591.0
sdmk14,1,NSGA-II,22084.0,570.0
sdmk14,1,EDA-VNS,22692.0,549.0
sdmk14,1,EDA-VNS,21513.0,680.0
sdmk14,1,EDA-VNS,21697.0,599.0
sdmk14,1,EDA-VNS,22071.0,574.0
sdmk14,1,EDA-VNS,21810.0,575.0
sdmk14,1,H-GA-TS,22642.0,536.0
sdmk14,1,H-GA-TS,21787.0,546.0
sdmk14,2,EDA-TS,21257.0,549.0
sdmk14,2,EDA-TS,20596.0,573.0
sdmk14,2,EDA-TS,20170.0,694.0
sdmk14,2,EDA-TS,20596.0,573.0
sdmk14,2,EDA-TS,20596.0,573.0
sdmk14,2,EDA-TS,21696.0,516.0
sdmk14,2,EDA-TS,20444.0,610.0
sdmk14,2,EDA-TS,20170.0,694.0
sdmk14,2,EDA,21968.0,603.0
sdmk14,2,EDA,22213.0,564.0
sdmk14,2,EDA,21880.0,641.0
sdmk14,2,EDA,22066.0,567.0
sdmk14,2,NSGA-II,21800.0,555.0
sdmk14,2,NSGA-II,22218.0,550.0
sdmk14,2,NSGA-II,21601.0,574.0
sdmk14,2,NSGA-II,22422.0,529.0
sdmk14,2,EDA-VNS,21927.0,536.0
sdmk14,2,EDA-VNS,21681.0,547.0
sdmk14,2,H-GA-TS,22447.0,566.0
sdmk14,2,H-GA-TS,22379.0,593.0
sdmk14,2,H-GA-TS,22669.0,546.0
sdmk14,2,H-GA-TS,22688.0,538.0
sdmk14,2,H-GA-TS,22436.0,574.0
sdmk14,2,H-GA-TS,21818.0,617.0
sdmk14,2,H-GA-TS,21690.0,619.0
sdmk15,1,EDA-TS,19456.0,358.0
sdmk15,1,EDA-TS,15933.0,389.0
sdmk15,1,EDA-TS,19598.0,317.0
sdmk15,1,EDA-TS,15888.0,431.0
sdmk15,1,EDA-TS,15875.0,464.0
sdmk15,1,EDA-TS,19456.0,358.0
sdmk15,1,EDA-TS,15933.0,389.0
sdmk15,1,EDA-TS,19404.0,369.0
sdmk15,1,EDA-TS,19456.0,358.0
sdmk15,1,EDA-TS,15933.0,389.0
sdmk15,1,EDA,21195.0,462.0
sdmk15,1,EDA,20800.0,525.0
sdmk15,1,EDA,21014.0,487.0
sdmk15,1,NSGA-II,21132.0,492.0
sdmk15,1,NSGA-II,22136.0,450.0
sdmk15,1,NSGA-II,22522.0,422.0
sdmk15,1,NSGA-II,21670.0,485.0
sdmk15,1,NSGA-II,20708.0,541.0
sdmk15,1,NSGA-II,21077.0,502.0
sdmk15,1,NSGA-II,21791.0,474.0
sdmk15,1,EDA-VNS,20763.0,585.0
sdmk15,1,EDA-VNS,21614.0,449.0
sdmk15,1,EDA-VNS,20308.0,636.0
sdmk15,1,EDA-VNS,20827.0,518.0
sdmk15,1,EDA-VNS,20917.0,461.0
sdmk15,1,H-GA-TS,21132.0,492.0
sdmk15,1,H-GA-TS,22586.0,413.0
sdmk15,1,H-GA-TS,21132.0,492.0
sdmk15,1,H-GA-TS,22440.0,414.0
sdmk15,1,H-GA-TS,21078.0,498.0
sdmk15,1,H-GA-TS,21903.0,450.0
sdmk15,1,H-GA-TS,21081.0,494.0
sdmk15,1,H-GA-TS,21483.0,476.0
sdmk15,1,H-GA-TS,21421.0,479.0
sdmk15,1,H-GA-TS,20907.0,522.0
sdmk15,2,EDA-TS,19717.0,293.0
sdmk15,2,EDA-TS,19423.0,360.0
sdmk15,2,EDA-TS,15838.0,440.0
sdmk15,2,EDA-TS,16052.0,418.0
sdmk15,2,EDA-TS,19527.0,298.0
sdmk15,2,EDA-TS,19717.0,293.0
sdmk15,2,EDA-TS,19717.0,293.0
sdmk15,2,EDA-TS,18689.0,414.0
sdmk15,2,EDA-TS,19527.0,298.0
sdmk15,2,EDA,20867.0,533.0
sdmk15,2,EDA,21456.0,453.0
sdmk15,2,EDA,21341.0,501.0
sdmk15,2,NSGA-II,21114.0,469.0
sdmk15,2,NSGA-II,21746.0,434.0
sdmk15,2,EDA-VNS,21779.0,448.0
sdmk15,2,EDA-VNS,20868.0,474.0
sdmk15,2,H-GA-TS,22133.0,464.0
sdmk15,2,H-GA-TS,22281.0,436.0
sdmk15,2,H-GA-TS,22216.0,451.0
sdmk15,2,H-GA-TS,21043.0,509.0
sdmk15,2,H-GA-TS,21142.0,473.0
sdmk15,2,H-GA-TS,20736.0,520.0
